﻿<?xml version="1.0" encoding="utf-8"?>
<StoreAssociation xmlns="http://schemas.microsoft.com/appx/2010/storeassociation">
  <Publisher>CN=E1A17568-5CAA-4483-91E3-9918A4499A02</Publisher>
  <NamespacePrefix>IdeaNotion</NamespacePrefix>
  <PublisherDisplayName>IDEA NOTION DEVELOPMENT INC.</PublisherDisplayName>
  <GeneratePackageHash>http://www.w3.org/2001/04/xmlenc#sha256</GeneratePackageHash>
  <SupportedLocales>
    <Language Code="af" InMinimumRequirementSet="false" />
    <Language Code="af-za" InMinimumRequirementSet="false" />
    <Language Code="am" InMinimumRequirementSet="false" />
    <Language Code="am-et" InMinimumRequirementSet="false" />
    <Language Code="ar" InMinimumRequirementSet="true" />
    <Language Code="ar-ae" InMinimumRequirementSet="true" />
    <Language Code="ar-bh" InMinimumRequirementSet="true" />
    <Language Code="ar-dz" InMinimumRequirementSet="true" />
    <Language Code="ar-eg" InMinimumRequirementSet="true" />
    <Language Code="ar-iq" InMinimumRequirementSet="true" />
    <Language Code="ar-jo" InMinimumRequirementSet="true" />
    <Language Code="ar-kw" InMinimumRequirementSet="true" />
    <Language Code="ar-lb" InMinimumRequirementSet="true" />
    <Language Code="ar-ly" InMinimumRequirementSet="true" />
    <Language Code="ar-ma" InMinimumRequirementSet="true" />
    <Language Code="ar-om" InMinimumRequirementSet="true" />
    <Language Code="ar-qa" InMinimumRequirementSet="true" />
    <Language Code="ar-sa" InMinimumRequirementSet="true" />
    <Language Code="ar-sy" InMinimumRequirementSet="true" />
    <Language Code="ar-tn" InMinimumRequirementSet="true" />
    <Language Code="ar-ye" InMinimumRequirementSet="true" />
    <Language Code="as" InMinimumRequirementSet="false" />
    <Language Code="as-in" InMinimumRequirementSet="false" />
    <Language Code="az-arab" InMinimumRequirementSet="false" />
    <Language Code="az-arab-az" InMinimumRequirementSet="false" />
    <Language Code="az-cyrl" InMinimumRequirementSet="false" />
    <Language Code="az-cyrl-az" InMinimumRequirementSet="false" />
    <Language Code="az-latn" InMinimumRequirementSet="false" />
    <Language Code="az-latn-az" InMinimumRequirementSet="false" />
    <Language Code="be" InMinimumRequirementSet="false" />
    <Language Code="be-by" InMinimumRequirementSet="false" />
    <Language Code="bg" InMinimumRequirementSet="true" />
    <Language Code="bg-bg" InMinimumRequirementSet="true" />
    <Language Code="bn" InMinimumRequirementSet="false" />
    <Language Code="bn-bd" InMinimumRequirementSet="false" />
    <Language Code="bn-in" InMinimumRequirementSet="false" />
    <Language Code="bs" InMinimumRequirementSet="false" />
    <Language Code="bs-cyrl" InMinimumRequirementSet="false" />
    <Language Code="bs-cyrl-ba" InMinimumRequirementSet="false" />
    <Language Code="bs-latn" InMinimumRequirementSet="false" />
    <Language Code="bs-latn-ba" InMinimumRequirementSet="false" />
    <Language Code="ca" InMinimumRequirementSet="false" />
    <Language Code="ca-es" InMinimumRequirementSet="false" />
    <Language Code="ca-es-valencia" InMinimumRequirementSet="false" />
    <Language Code="chr-cher" InMinimumRequirementSet="false" />
    <Language Code="chr-cher-us" InMinimumRequirementSet="false" />
    <Language Code="chr-latn" InMinimumRequirementSet="false" />
    <Language Code="cs" InMinimumRequirementSet="true" />
    <Language Code="cs-cz" InMinimumRequirementSet="true" />
    <Language Code="cy" InMinimumRequirementSet="false" />
    <Language Code="cy-gb" InMinimumRequirementSet="false" />
    <Language Code="da" InMinimumRequirementSet="true" />
    <Language Code="da-dk" InMinimumRequirementSet="true" />
    <Language Code="de" InMinimumRequirementSet="true" />
    <Language Code="de-at" InMinimumRequirementSet="true" />
    <Language Code="de-ch" InMinimumRequirementSet="true" />
    <Language Code="de-de" InMinimumRequirementSet="true" />
    <Language Code="de-li" InMinimumRequirementSet="true" />
    <Language Code="de-lu" InMinimumRequirementSet="true" />
    <Language Code="el" InMinimumRequirementSet="true" />
    <Language Code="el-gr" InMinimumRequirementSet="true" />
    <Language Code="en" InMinimumRequirementSet="true" />
    <Language Code="en-011" InMinimumRequirementSet="true" />
    <Language Code="en-014" InMinimumRequirementSet="true" />
    <Language Code="en-018" InMinimumRequirementSet="true" />
    <Language Code="en-021" InMinimumRequirementSet="true" />
    <Language Code="en-029" InMinimumRequirementSet="true" />
    <Language Code="en-053" InMinimumRequirementSet="true" />
    <Language Code="en-au" InMinimumRequirementSet="true" />
    <Language Code="en-bz" InMinimumRequirementSet="true" />
    <Language Code="en-ca" InMinimumRequirementSet="true" />
    <Language Code="en-gb" InMinimumRequirementSet="true" />
    <Language Code="en-hk" InMinimumRequirementSet="true" />
    <Language Code="en-id" InMinimumRequirementSet="true" />
    <Language Code="en-ie" InMinimumRequirementSet="true" />
    <Language Code="en-in" InMinimumRequirementSet="true" />
    <Language Code="en-jm" InMinimumRequirementSet="true" />
    <Language Code="en-kz" InMinimumRequirementSet="true" />
    <Language Code="en-mt" InMinimumRequirementSet="true" />
    <Language Code="en-my" InMinimumRequirementSet="true" />
    <Language Code="en-nz" InMinimumRequirementSet="true" />
    <Language Code="en-ph" InMinimumRequirementSet="true" />
    <Language Code="en-pk" InMinimumRequirementSet="true" />
    <Language Code="en-sg" InMinimumRequirementSet="true" />
    <Language Code="en-tt" InMinimumRequirementSet="true" />
    <Language Code="en-us" InMinimumRequirementSet="true" />
    <Language Code="en-vn" InMinimumRequirementSet="true" />
    <Language Code="en-za" InMinimumRequirementSet="true" />
    <Language Code="es" InMinimumRequirementSet="true" />
    <Language Code="es-019" InMinimumRequirementSet="true" />
    <Language Code="es-419" InMinimumRequirementSet="true" />
    <Language Code="es-ar" InMinimumRequirementSet="true" />
    <Language Code="es-bo" InMinimumRequirementSet="true" />
    <Language Code="es-cl" InMinimumRequirementSet="true" />
    <Language Code="es-co" InMinimumRequirementSet="true" />
    <Language Code="es-cr" InMinimumRequirementSet="true" />
    <Language Code="es-do" InMinimumRequirementSet="true" />
    <Language Code="es-ec" InMinimumRequirementSet="true" />
    <Language Code="es-es" InMinimumRequirementSet="true" />
    <Language Code="es-gt" InMinimumRequirementSet="true" />
    <Language Code="es-hn" InMinimumRequirementSet="true" />
    <Language Code="es-mx" InMinimumRequirementSet="true" />
    <Language Code="es-ni" InMinimumRequirementSet="true" />
    <Language Code="es-pa" InMinimumRequirementSet="true" />
    <Language Code="es-pe" InMinimumRequirementSet="true" />
    <Language Code="es-pr" InMinimumRequirementSet="true" />
    <Language Code="es-py" InMinimumRequirementSet="true" />
    <Language Code="es-sv" InMinimumRequirementSet="true" />
    <Language Code="es-us" InMinimumRequirementSet="true" />
    <Language Code="es-uy" InMinimumRequirementSet="true" />
    <Language Code="es-ve" InMinimumRequirementSet="true" />
    <Language Code="et" InMinimumRequirementSet="true" />
    <Language Code="et-ee" InMinimumRequirementSet="true" />
    <Language Code="eu" InMinimumRequirementSet="false" />
    <Language Code="eu-es" InMinimumRequirementSet="false" />
    <Language Code="fa" InMinimumRequirementSet="false" />
    <Language Code="fa-ir" InMinimumRequirementSet="false" />
    <Language Code="fi" InMinimumRequirementSet="true" />
    <Language Code="fi-fi" InMinimumRequirementSet="true" />
    <Language Code="fil" InMinimumRequirementSet="false" />
    <Language Code="fil-latn" InMinimumRequirementSet="false" />
    <Language Code="fil-ph" InMinimumRequirementSet="false" />
    <Language Code="fr" InMinimumRequirementSet="true" />
    <Language Code="fr-011" InMinimumRequirementSet="true" />
    <Language Code="fr-015" InMinimumRequirementSet="true" />
    <Language Code="fr-021" InMinimumRequirementSet="true" />
    <Language Code="fr-029" InMinimumRequirementSet="true" />
    <Language Code="fr-155" InMinimumRequirementSet="true" />
    <Language Code="fr-be" InMinimumRequirementSet="true" />
    <Language Code="fr-ca" InMinimumRequirementSet="true" />
    <Language Code="fr-cd" InMinimumRequirementSet="true" />
    <Language Code="fr-ch" InMinimumRequirementSet="true" />
    <Language Code="fr-ci" InMinimumRequirementSet="true" />
    <Language Code="fr-cm" InMinimumRequirementSet="true" />
    <Language Code="fr-fr" InMinimumRequirementSet="true" />
    <Language Code="fr-ht" InMinimumRequirementSet="true" />
    <Language Code="fr-lu" InMinimumRequirementSet="true" />
    <Language Code="fr-ma" InMinimumRequirementSet="true" />
    <Language Code="fr-mc" InMinimumRequirementSet="true" />
    <Language Code="fr-ml" InMinimumRequirementSet="true" />
    <Language Code="fr-re" InMinimumRequirementSet="true" />
    <Language Code="frc-latn" InMinimumRequirementSet="true" />
    <Language Code="frp-latn" InMinimumRequirementSet="true" />
    <Language Code="ga" InMinimumRequirementSet="false" />
    <Language Code="ga-ie" InMinimumRequirementSet="false" />
    <Language Code="gd-gb" InMinimumRequirementSet="false" />
    <Language Code="gd-latn" InMinimumRequirementSet="false" />
    <Language Code="gl" InMinimumRequirementSet="false" />
    <Language Code="gl-es" InMinimumRequirementSet="false" />
    <Language Code="gu" InMinimumRequirementSet="false" />
    <Language Code="gu-in" InMinimumRequirementSet="false" />
    <Language Code="ha-latn" InMinimumRequirementSet="false" />
    <Language Code="ha-latn-ng" InMinimumRequirementSet="false" />
    <Language Code="he" InMinimumRequirementSet="true" />
    <Language Code="he-il" InMinimumRequirementSet="true" />
    <Language Code="hi" InMinimumRequirementSet="true" />
    <Language Code="hi-in" InMinimumRequirementSet="true" />
    <Language Code="hr" InMinimumRequirementSet="true" />
    <Language Code="hr-ba" InMinimumRequirementSet="true" />
    <Language Code="hr-hr" InMinimumRequirementSet="true" />
    <Language Code="hu" InMinimumRequirementSet="true" />
    <Language Code="hu-hu" InMinimumRequirementSet="true" />
    <Language Code="hy" InMinimumRequirementSet="false" />
    <Language Code="hy-am" InMinimumRequirementSet="false" />
    <Language Code="id" InMinimumRequirementSet="true" />
    <Language Code="id-id" InMinimumRequirementSet="true" />
    <Language Code="ig-latn" InMinimumRequirementSet="false" />
    <Language Code="ig-ng" InMinimumRequirementSet="false" />
    <Language Code="is" InMinimumRequirementSet="false" />
    <Language Code="is-is" InMinimumRequirementSet="false" />
    <Language Code="it" InMinimumRequirementSet="true" />
    <Language Code="it-ch" InMinimumRequirementSet="true" />
    <Language Code="it-it" InMinimumRequirementSet="true" />
    <Language Code="iu-cans" InMinimumRequirementSet="false" />
    <Language Code="iu-latn" InMinimumRequirementSet="false" />
    <Language Code="iu-latn-ca" InMinimumRequirementSet="false" />
    <Language Code="ja" InMinimumRequirementSet="true" />
    <Language Code="ja-jp" InMinimumRequirementSet="true" />
    <Language Code="ka" InMinimumRequirementSet="false" />
    <Language Code="ka-ge" InMinimumRequirementSet="false" />
    <Language Code="kk" InMinimumRequirementSet="false" />
    <Language Code="kk-kz" InMinimumRequirementSet="false" />
    <Language Code="km" InMinimumRequirementSet="false" />
    <Language Code="km-kh" InMinimumRequirementSet="false" />
    <Language Code="kn" InMinimumRequirementSet="false" />
    <Language Code="kn-in" InMinimumRequirementSet="false" />
    <Language Code="ko" InMinimumRequirementSet="true" />
    <Language Code="ko-kr" InMinimumRequirementSet="true" />
    <Language Code="kok" InMinimumRequirementSet="false" />
    <Language Code="kok-in" InMinimumRequirementSet="false" />
    <Language Code="ku-arab" InMinimumRequirementSet="false" />
    <Language Code="ku-arab-iq" InMinimumRequirementSet="false" />
    <Language Code="ky-cyrl" InMinimumRequirementSet="false" />
    <Language Code="ky-kg" InMinimumRequirementSet="false" />
    <Language Code="lb" InMinimumRequirementSet="false" />
    <Language Code="lb-lu" InMinimumRequirementSet="false" />
    <Language Code="lt" InMinimumRequirementSet="true" />
    <Language Code="lt-lt" InMinimumRequirementSet="true" />
    <Language Code="lv" InMinimumRequirementSet="true" />
    <Language Code="lv-lv" InMinimumRequirementSet="true" />
    <Language Code="mi" InMinimumRequirementSet="false" />
    <Language Code="mi-latn" InMinimumRequirementSet="false" />
    <Language Code="mi-nz" InMinimumRequirementSet="false" />
    <Language Code="mk" InMinimumRequirementSet="false" />
    <Language Code="mk-mk" InMinimumRequirementSet="false" />
    <Language Code="ml" InMinimumRequirementSet="false" />
    <Language Code="ml-in" InMinimumRequirementSet="false" />
    <Language Code="mn-cyrl" InMinimumRequirementSet="false" />
    <Language Code="mn-mn" InMinimumRequirementSet="false" />
    <Language Code="mn-mong" InMinimumRequirementSet="false" />
    <Language Code="mn-phag" InMinimumRequirementSet="false" />
    <Language Code="mr" InMinimumRequirementSet="false" />
    <Language Code="mr-in" InMinimumRequirementSet="false" />
    <Language Code="ms" InMinimumRequirementSet="false" />
    <Language Code="ms-bn" InMinimumRequirementSet="false" />
    <Language Code="ms-my" InMinimumRequirementSet="false" />
    <Language Code="mt" InMinimumRequirementSet="false" />
    <Language Code="mt-mt" InMinimumRequirementSet="false" />
    <Language Code="nb" InMinimumRequirementSet="true" />
    <Language Code="nb-no" InMinimumRequirementSet="true" />
    <Language Code="ne" InMinimumRequirementSet="false" />
    <Language Code="ne-np" InMinimumRequirementSet="false" />
    <Language Code="nl" InMinimumRequirementSet="true" />
    <Language Code="nl-be" InMinimumRequirementSet="true" />
    <Language Code="nl-nl" InMinimumRequirementSet="true" />
    <Language Code="nn" InMinimumRequirementSet="false" />
    <Language Code="nn-no" InMinimumRequirementSet="false" />
    <Language Code="no" InMinimumRequirementSet="true" />
    <Language Code="no-no" InMinimumRequirementSet="true" />
    <Language Code="nso" InMinimumRequirementSet="false" />
    <Language Code="nso-za" InMinimumRequirementSet="false" />
    <Language Code="or" InMinimumRequirementSet="false" />
    <Language Code="or-in" InMinimumRequirementSet="false" />
    <Language Code="pa" InMinimumRequirementSet="false" />
    <Language Code="pa-arab" InMinimumRequirementSet="false" />
    <Language Code="pa-arab-pk" InMinimumRequirementSet="false" />
    <Language Code="pa-deva" InMinimumRequirementSet="false" />
    <Language Code="pa-in" InMinimumRequirementSet="false" />
    <Language Code="pl" InMinimumRequirementSet="true" />
    <Language Code="pl-pl" InMinimumRequirementSet="true" />
    <Language Code="prs" InMinimumRequirementSet="false" />
    <Language Code="prs-af" InMinimumRequirementSet="false" />
    <Language Code="prs-arab" InMinimumRequirementSet="false" />
    <Language Code="pt" InMinimumRequirementSet="true" />
    <Language Code="pt-br" InMinimumRequirementSet="true" />
    <Language Code="pt-pt" InMinimumRequirementSet="true" />
    <Language Code="quc-latn" InMinimumRequirementSet="false" />
    <Language Code="qut-gt" InMinimumRequirementSet="false" />
    <Language Code="qut-latn" InMinimumRequirementSet="false" />
    <Language Code="quz" InMinimumRequirementSet="false" />
    <Language Code="quz-bo" InMinimumRequirementSet="false" />
    <Language Code="quz-ec" InMinimumRequirementSet="false" />
    <Language Code="quz-pe" InMinimumRequirementSet="false" />
    <Language Code="ro" InMinimumRequirementSet="true" />
    <Language Code="ro-ro" InMinimumRequirementSet="true" />
    <Language Code="ru" InMinimumRequirementSet="true" />
    <Language Code="ru-ru" InMinimumRequirementSet="true" />
    <Language Code="rw" InMinimumRequirementSet="false" />
    <Language Code="rw-rw" InMinimumRequirementSet="false" />
    <Language Code="sd-arab" InMinimumRequirementSet="false" />
    <Language Code="sd-arab-pk" InMinimumRequirementSet="false" />
    <Language Code="sd-deva" InMinimumRequirementSet="false" />
    <Language Code="si" InMinimumRequirementSet="false" />
    <Language Code="si-lk" InMinimumRequirementSet="false" />
    <Language Code="sk" InMinimumRequirementSet="true" />
    <Language Code="sk-sk" InMinimumRequirementSet="true" />
    <Language Code="sl" InMinimumRequirementSet="true" />
    <Language Code="sl-si" InMinimumRequirementSet="true" />
    <Language Code="sq" InMinimumRequirementSet="false" />
    <Language Code="sq-al" InMinimumRequirementSet="false" />
    <Language Code="sr-cyrl" InMinimumRequirementSet="false" />
    <Language Code="sr-cyrl-ba" InMinimumRequirementSet="false" />
    <Language Code="sr-cyrl-cs" InMinimumRequirementSet="false" />
    <Language Code="sr-cyrl-me" InMinimumRequirementSet="false" />
    <Language Code="sr-cyrl-rs" InMinimumRequirementSet="false" />
    <Language Code="sr-latn" InMinimumRequirementSet="true" />
    <Language Code="sr-latn-ba" InMinimumRequirementSet="true" />
    <Language Code="sr-latn-cs" InMinimumRequirementSet="true" />
    <Language Code="sr-latn-me" InMinimumRequirementSet="true" />
    <Language Code="sr-latn-rs" InMinimumRequirementSet="true" />
    <Language Code="sv" InMinimumRequirementSet="true" />
    <Language Code="sv-fi" InMinimumRequirementSet="true" />
    <Language Code="sv-se" InMinimumRequirementSet="true" />
    <Language Code="sw" InMinimumRequirementSet="false" />
    <Language Code="sw-ke" InMinimumRequirementSet="false" />
    <Language Code="ta" InMinimumRequirementSet="false" />
    <Language Code="ta-in" InMinimumRequirementSet="false" />
    <Language Code="te" InMinimumRequirementSet="false" />
    <Language Code="te-in" InMinimumRequirementSet="false" />
    <Language Code="tg-arab" InMinimumRequirementSet="false" />
    <Language Code="tg-cyrl" InMinimumRequirementSet="false" />
    <Language Code="tg-cyrl-tj" InMinimumRequirementSet="false" />
    <Language Code="tg-latn" InMinimumRequirementSet="false" />
    <Language Code="th" InMinimumRequirementSet="true" />
    <Language Code="th-th" InMinimumRequirementSet="true" />
    <Language Code="ti" InMinimumRequirementSet="false" />
    <Language Code="ti-et" InMinimumRequirementSet="false" />
    <Language Code="tk-cyrl" InMinimumRequirementSet="false" />
    <Language Code="tk-cyrl-tr" InMinimumRequirementSet="false" />
    <Language Code="tk-latn" InMinimumRequirementSet="false" />
    <Language Code="tk-latn-tr" InMinimumRequirementSet="false" />
    <Language Code="tk-tm" InMinimumRequirementSet="false" />
    <Language Code="tn" InMinimumRequirementSet="false" />
    <Language Code="tn-bw" InMinimumRequirementSet="false" />
    <Language Code="tn-za" InMinimumRequirementSet="false" />
    <Language Code="tr" InMinimumRequirementSet="true" />
    <Language Code="tr-tr" InMinimumRequirementSet="true" />
    <Language Code="tt-arab" InMinimumRequirementSet="false" />
    <Language Code="tt-cyrl" InMinimumRequirementSet="false" />
    <Language Code="tt-latn" InMinimumRequirementSet="false" />
    <Language Code="tt-ru" InMinimumRequirementSet="false" />
    <Language Code="ug-arab" InMinimumRequirementSet="false" />
    <Language Code="ug-cn" InMinimumRequirementSet="false" />
    <Language Code="ug-cyrl" InMinimumRequirementSet="false" />
    <Language Code="ug-latn" InMinimumRequirementSet="false" />
    <Language Code="uk" InMinimumRequirementSet="true" />
    <Language Code="uk-ua" InMinimumRequirementSet="true" />
    <Language Code="ur" InMinimumRequirementSet="false" />
    <Language Code="ur-pk" InMinimumRequirementSet="false" />
    <Language Code="uz-cyrl" InMinimumRequirementSet="false" />
    <Language Code="uz-latn" InMinimumRequirementSet="false" />
    <Language Code="uz-latn-uz" InMinimumRequirementSet="false" />
    <Language Code="vi" InMinimumRequirementSet="false" />
    <Language Code="vi-vn" InMinimumRequirementSet="false" />
    <Language Code="wo" InMinimumRequirementSet="false" />
    <Language Code="wo-sn" InMinimumRequirementSet="false" />
    <Language Code="xh" InMinimumRequirementSet="false" />
    <Language Code="xh-za" InMinimumRequirementSet="false" />
    <Language Code="yo-latn" InMinimumRequirementSet="false" />
    <Language Code="yo-ng" InMinimumRequirementSet="false" />
    <Language Code="zh-cn" InMinimumRequirementSet="true" />
    <Language Code="zh-hans" InMinimumRequirementSet="true" />
    <Language Code="zh-hans-cn" InMinimumRequirementSet="true" />
    <Language Code="zh-hans-sg" InMinimumRequirementSet="true" />
    <Language Code="zh-hant" InMinimumRequirementSet="true" />
    <Language Code="zh-hant-hk" InMinimumRequirementSet="true" />
    <Language Code="zh-hant-mo" InMinimumRequirementSet="true" />
    <Language Code="zh-hant-tw" InMinimumRequirementSet="true" />
    <Language Code="zh-hk" InMinimumRequirementSet="true" />
    <Language Code="zh-tw" InMinimumRequirementSet="true" />
    <Language Code="zu" InMinimumRequirementSet="false" />
    <Language Code="zu-za" InMinimumRequirementSet="false" />
  </SupportedLocales>
  <ProductReservedInfo>
    <MainPackageIdentityName>IdeaNotion.MakeWebNotWar</MainPackageIdentityName>
    <ReservedNames>
      <ReservedName>Make Web Not War</ReservedName>
    </ReservedNames>
  </ProductReservedInfo>
  <AccountPackageIdentityNames>
    <MainPackageIdentityName>IdeaNotion.Windows8Update</MainPackageIdentityName>
    <MainPackageIdentityName>IdeaNotion.ACookNotMad</MainPackageIdentityName>
    <MainPackageIdentityName>IdeaNotion.A.Ionthe1sand0s</MainPackageIdentityName>
    <MainPackageIdentityName>IdeaNotion.Abilities</MainPackageIdentityName>
    <MainPackageIdentityName>IdeaNotion.AbsoluteSharePoint</MainPackageIdentityName>
    <MainPackageIdentityName>IdeaNotion.AcrossandAbroad-TheAdventureTravelBlog</MainPackageIdentityName>
    <MainPackageIdentityName>IdeaNotion.Actu-Mag-LeMag</MainPackageIdentityName>
    <MainPackageIdentityName>IdeaNotion.AdultASD-FocusedonAdultswithAutisminthe</MainPackageIdentityName>
    <MainPackageIdentityName>IdeaNotion.AESCode</MainPackageIdentityName>
    <MainPackageIdentityName>IdeaNotion.AgileITInsider</MainPackageIdentityName>
    <MainPackageIdentityName>IdeaNotion.Al-SadeerMedicalLab</MainPackageIdentityName>
    <MainPackageIdentityName>IdeaNotion.AriannasRandomThoughts</MainPackageIdentityName>
    <MainPackageIdentityName>IdeaNotion.AusWinPhone</MainPackageIdentityName>
    <MainPackageIdentityName>IdeaNotion.BASeCampProgramming</MainPackageIdentityName>
    <MainPackageIdentityName>IdeaNotion.BasementHackersSolderingon</MainPackageIdentityName>
    <MainPackageIdentityName>IdeaNotion.BeautifulImages</MainPackageIdentityName>
    <MainPackageIdentityName>IdeaNotion.BelledeNuit</MainPackageIdentityName>
    <MainPackageIdentityName>IdeaNotion.Bitdisaster</MainPackageIdentityName>
    <MainPackageIdentityName>IdeaNotion.BJTechNews</MainPackageIdentityName>
    <MainPackageIdentityName>IdeaNotion.BlogJorgeAlvarez</MainPackageIdentityName>
    <MainPackageIdentityName>IdeaNotion.BlogueAnalystik</MainPackageIdentityName>
    <MainPackageIdentityName>IdeaNotion.BluntMoms</MainPackageIdentityName>
    <MainPackageIdentityName>IdeaNotion.CaminoMyWay</MainPackageIdentityName>
    <MainPackageIdentityName>IdeaNotion.CanadaehTravelBlog</MainPackageIdentityName>
    <MainPackageIdentityName>IdeaNotion.CanadaImmigrantBlog</MainPackageIdentityName>
    <MainPackageIdentityName>IdeaNotion.CanadianRoadStories</MainPackageIdentityName>
    <MainPackageIdentityName>IdeaNotion.CandiceDoestheWorld</MainPackageIdentityName>
    <MainPackageIdentityName>IdeaNotion.CelebrationGeneration</MainPackageIdentityName>
    <MainPackageIdentityName>IdeaNotion.CentroPromos</MainPackageIdentityName>
    <MainPackageIdentityName>IdeaNotion.CharlyMaltagliatti</MainPackageIdentityName>
    <MainPackageIdentityName>IdeaNotion.CMSCritic</MainPackageIdentityName>
    <MainPackageIdentityName>IdeaNotion.CocktailDeeva</MainPackageIdentityName>
    <MainPackageIdentityName>IdeaNotion.Commentbienvoter</MainPackageIdentityName>
    <MainPackageIdentityName>IdeaNotion.ContexturesBlog</MainPackageIdentityName>
    <MainPackageIdentityName>IdeaNotion.CooCooforCooking</MainPackageIdentityName>
    <MainPackageIdentityName>IdeaNotion.CorrerEsMiDestino-TheBlog</MainPackageIdentityName>
    <MainPackageIdentityName>IdeaNotion.CraveCanada</MainPackageIdentityName>
    <MainPackageIdentityName>IdeaNotion.CrunchyCarpets</MainPackageIdentityName>
    <MainPackageIdentityName>IdeaNotion.DamangMedia-WorkLessandPlayMore</MainPackageIdentityName>
    <MainPackageIdentityName>IdeaNotion.DeveloperatHeart</MainPackageIdentityName>
    <MainPackageIdentityName>IdeaNotion.DevTO</MainPackageIdentityName>
    <MainPackageIdentityName>IdeaNotion.DJSelArom</MainPackageIdentityName>
    <MainPackageIdentityName>IdeaNotion.Dleelcom</MainPackageIdentityName>
    <MainPackageIdentityName>IdeaNotion.dobbernationLOVES</MainPackageIdentityName>
    <MainPackageIdentityName>IdeaNotion.DvCom</MainPackageIdentityName>
    <MainPackageIdentityName>IdeaNotion.DZ-Gen</MainPackageIdentityName>
    <MainPackageIdentityName>IdeaNotion.Eatopia</MainPackageIdentityName>
    <MainPackageIdentityName>IdeaNotion.ElMuroMagazine</MainPackageIdentityName>
    <MainPackageIdentityName>IdeaNotion.EnfoqueIT</MainPackageIdentityName>
    <MainPackageIdentityName>IdeaNotion.EnterITWebblog</MainPackageIdentityName>
    <MainPackageIdentityName>IdeaNotion.Femme-O-Nomics</MainPackageIdentityName>
    <MainPackageIdentityName>IdeaNotion.FerndaleAchill</MainPackageIdentityName>
    <MainPackageIdentityName>IdeaNotion.FourJandalsAdventureTravelBlog</MainPackageIdentityName>
    <MainPackageIdentityName>IdeaNotion.GapYearEscape-WorldTravel</MainPackageIdentityName>
    <MainPackageIdentityName>IdeaNotion.GeekwithStyle</MainPackageIdentityName>
    <MainPackageIdentityName>IdeaNotion.Geekbecois</MainPackageIdentityName>
    <MainPackageIdentityName>IdeaNotion.GeeksandCom</MainPackageIdentityName>
    <MainPackageIdentityName>IdeaNotion.GeekSays</MainPackageIdentityName>
    <MainPackageIdentityName>IdeaNotion.HautePNK</MainPackageIdentityName>
    <MainPackageIdentityName>IdeaNotion.IWant-IGot</MainPackageIdentityName>
    <MainPackageIdentityName>IdeaNotion.IdeaNotion</MainPackageIdentityName>
    <MainPackageIdentityName>IdeaNotion.ImagesofLearningProject</MainPackageIdentityName>
    <MainPackageIdentityName>IdeaNotion.immrfabulous</MainPackageIdentityName>
    <MainPackageIdentityName>IdeaNotion.InfoTechChamber</MainPackageIdentityName>
    <MainPackageIdentityName>IdeaNotion.IntenseIT</MainPackageIdentityName>
    <MainPackageIdentityName>IdeaNotion.IPOsgoode</MainPackageIdentityName>
    <MainPackageIdentityName>IdeaNotion.Jayce</MainPackageIdentityName>
    <MainPackageIdentityName>IdeaNotion.JRPhotography</MainPackageIdentityName>
    <MainPackageIdentityName>IdeaNotion.KathyBuckworthNow</MainPackageIdentityName>
    <MainPackageIdentityName>IdeaNotion.KitchenTrials</MainPackageIdentityName>
    <MainPackageIdentityName>IdeaNotion.KylaRoma</MainPackageIdentityName>
    <MainPackageIdentityName>IdeaNotion.LArbitre</MainPackageIdentityName>
    <MainPackageIdentityName>IdeaNotion.LeTechnopile</MainPackageIdentityName>
    <MainPackageIdentityName>IdeaNotion.LeapMotionClub</MainPackageIdentityName>
    <MainPackageIdentityName>IdeaNotion.LetMEOut-ReleasingYourCreativeSelf</MainPackageIdentityName>
    <MainPackageIdentityName>IdeaNotion.LifeinPleasantville</MainPackageIdentityName>
    <MainPackageIdentityName>IdeaNotion.lifeovereasy</MainPackageIdentityName>
    <MainPackageIdentityName>IdeaNotion.LifesaBlog</MainPackageIdentityName>
    <MainPackageIdentityName>IdeaNotion.LiveofofoMagazine</MainPackageIdentityName>
    <MainPackageIdentityName>IdeaNotion.LumiaNews</MainPackageIdentityName>
    <MainPackageIdentityName>IdeaNotion.LXRY</MainPackageIdentityName>
    <MainPackageIdentityName>IdeaNotion.MarikaOnline</MainPackageIdentityName>
    <MainPackageIdentityName>IdeaNotion.Mashcape</MainPackageIdentityName>
    <MainPackageIdentityName>IdeaNotion.MaximeJohnson</MainPackageIdentityName>
    <MainPackageIdentityName>IdeaNotion.MEINE100HOMIES</MainPackageIdentityName>
    <MainPackageIdentityName>IdeaNotion.MotherlessMoments</MainPackageIdentityName>
    <MainPackageIdentityName>IdeaNotion.MusingsofOneJonathanRozenblit</MainPackageIdentityName>
    <MainPackageIdentityName>IdeaNotion.MYiPadMagazine</MainPackageIdentityName>
    <MainPackageIdentityName>IdeaNotion.MyPenMyVoice</MainPackageIdentityName>
    <MainPackageIdentityName>IdeaNotion.MyWindows8</MainPackageIdentityName>
    <MainPackageIdentityName>IdeaNotion.NaupliusBlog</MainPackageIdentityName>
    <MainPackageIdentityName>IdeaNotion.nimatra</MainPackageIdentityName>
    <MainPackageIdentityName>IdeaNotion.OMGNexus</MainPackageIdentityName>
    <MainPackageIdentityName>IdeaNotion.OMGGIMME</MainPackageIdentityName>
    <MainPackageIdentityName>IdeaNotion.OneSmileyMonkey</MainPackageIdentityName>
    <MainPackageIdentityName>IdeaNotion.ONSetMagazine</MainPackageIdentityName>
    <MainPackageIdentityName>IdeaNotion.OurFamilyWorld</MainPackageIdentityName>
    <MainPackageIdentityName>IdeaNotion.OurGreatEscape</MainPackageIdentityName>
    <MainPackageIdentityName>IdeaNotion.outinmyhead</MainPackageIdentityName>
    <MainPackageIdentityName>IdeaNotion.PasteldeBits</MainPackageIdentityName>
    <MainPackageIdentityName>IdeaNotion.PCBennettConnection</MainPackageIdentityName>
    <MainPackageIdentityName>IdeaNotion.PennyandRustysFoodBlog</MainPackageIdentityName>
    <MainPackageIdentityName>IdeaNotion.PlayGroundology</MainPackageIdentityName>
    <MainPackageIdentityName>IdeaNotion.PostcardsfromtheMothership</MainPackageIdentityName>
    <MainPackageIdentityName>IdeaNotion.PotentThoughts</MainPackageIdentityName>
    <MainPackageIdentityName>IdeaNotion.PrettyChicTravel</MainPackageIdentityName>
    <MainPackageIdentityName>IdeaNotion.ProMardelPlata</MainPackageIdentityName>
    <MainPackageIdentityName>IdeaNotion.ProTechnoCare</MainPackageIdentityName>
    <MainPackageIdentityName>IdeaNotion.rHangout</MainPackageIdentityName>
    <MainPackageIdentityName>IdeaNotion.Roamancing</MainPackageIdentityName>
    <MainPackageIdentityName>IdeaNotion.Sanduich</MainPackageIdentityName>
    <MainPackageIdentityName>IdeaNotion.SavoirFaireAbroad</MainPackageIdentityName>
    <MainPackageIdentityName>IdeaNotion.ScienceNewsbites</MainPackageIdentityName>
    <MainPackageIdentityName>IdeaNotion.SecretsFloral</MainPackageIdentityName>
    <MainPackageIdentityName>IdeaNotion.Sellitonr</MainPackageIdentityName>
    <MainPackageIdentityName>IdeaNotion.SEOMagazine</MainPackageIdentityName>
    <MainPackageIdentityName>IdeaNotion.smartnweb</MainPackageIdentityName>
    <MainPackageIdentityName>IdeaNotion.SoundOnSight</MainPackageIdentityName>
    <MainPackageIdentityName>IdeaNotion.spillway</MainPackageIdentityName>
    <MainPackageIdentityName>IdeaNotion.SteelBookBluRayNews</MainPackageIdentityName>
    <MainPackageIdentityName>IdeaNotion.StefanGilbertonline</MainPackageIdentityName>
    <MainPackageIdentityName>IdeaNotion.StrategicVolunteering</MainPackageIdentityName>
    <MainPackageIdentityName>IdeaNotion.SurfaceGeeks</MainPackageIdentityName>
    <MainPackageIdentityName>IdeaNotion.TBVUG</MainPackageIdentityName>
    <MainPackageIdentityName>IdeaNotion.TeamBobbyDazzlers</MainPackageIdentityName>
    <MainPackageIdentityName>IdeaNotion.TechAChance</MainPackageIdentityName>
    <MainPackageIdentityName>IdeaNotion.TechniquedeVente</MainPackageIdentityName>
    <MainPackageIdentityName>IdeaNotion.TechnologyTalkbyCapirgoTech</MainPackageIdentityName>
    <MainPackageIdentityName>IdeaNotion.ThatAngela-BrandStorytelling</MainPackageIdentityName>
    <MainPackageIdentityName>IdeaNotion.TheActsofSimonMagus</MainPackageIdentityName>
    <MainPackageIdentityName>IdeaNotion.TheCamelLife</MainPackageIdentityName>
    <MainPackageIdentityName>IdeaNotion.TheCanadianHomeschooler</MainPackageIdentityName>
    <MainPackageIdentityName>IdeaNotion.TheCloudDeskBlog</MainPackageIdentityName>
    <MainPackageIdentityName>IdeaNotion.TheKitchenMagpie</MainPackageIdentityName>
    <MainPackageIdentityName>IdeaNotion.TheMarketingGroup-ThePinkSheep.ca</MainPackageIdentityName>
    <MainPackageIdentityName>IdeaNotion.TheMooseisLoose</MainPackageIdentityName>
    <MainPackageIdentityName>IdeaNotion.TheSearchingforHappyBlog</MainPackageIdentityName>
    <MainPackageIdentityName>IdeaNotion.Thetechhacker</MainPackageIdentityName>
    <MainPackageIdentityName>IdeaNotion.ThisBirdsDay</MainPackageIdentityName>
    <MainPackageIdentityName>IdeaNotion.ThisLilPiglet</MainPackageIdentityName>
    <MainPackageIdentityName>IdeaNotion.ThisConnect</MainPackageIdentityName>
    <MainPackageIdentityName>IdeaNotion.TorontoNativeAndroidDeveloper</MainPackageIdentityName>
    <MainPackageIdentityName>IdeaNotion.TorontoThumbs</MainPackageIdentityName>
    <MainPackageIdentityName>IdeaNotion.TourismTO</MainPackageIdentityName>
    <MainPackageIdentityName>IdeaNotion.TrafficSalad</MainPackageIdentityName>
    <MainPackageIdentityName>IdeaNotion.TranquilMind</MainPackageIdentityName>
    <MainPackageIdentityName>IdeaNotion.TravelandCulturewithLoriHenry</MainPackageIdentityName>
    <MainPackageIdentityName>IdeaNotion.TravelingCanucks</MainPackageIdentityName>
    <MainPackageIdentityName>IdeaNotion.Turn</MainPackageIdentityName>
    <MainPackageIdentityName>IdeaNotion.UnitedWayAuglaizeCounty</MainPackageIdentityName>
    <MainPackageIdentityName>IdeaNotion.ViewFromthePier</MainPackageIdentityName>
    <MainPackageIdentityName>IdeaNotion.WandsandPliers</MainPackageIdentityName>
    <MainPackageIdentityName>IdeaNotion.WatercolorMaps</MainPackageIdentityName>
    <MainPackageIdentityName>IdeaNotion.WebDesignerWall</MainPackageIdentityName>
    <MainPackageIdentityName>IdeaNotion.WhatDoesItReallyTake</MainPackageIdentityName>
    <MainPackageIdentityName>IdeaNotion.WheretheresaWiller</MainPackageIdentityName>
    <MainPackageIdentityName>IdeaNotion.WhineandCheeseTheBlog</MainPackageIdentityName>
    <MainPackageIdentityName>IdeaNotion.WinPhan</MainPackageIdentityName>
    <MainPackageIdentityName>IdeaNotion.WinPhanKyleBlog</MainPackageIdentityName>
    <MainPackageIdentityName>IdeaNotion.WithLoveGabrielle</MainPackageIdentityName>
    <MainPackageIdentityName>IdeaNotion.WordsbyMom</MainPackageIdentityName>
    <MainPackageIdentityName>IdeaNotion.YeauLeePhotography</MainPackageIdentityName>
    <MainPackageIdentityName>IdeaNotion.47904B328F4D4</MainPackageIdentityName>
    <MainPackageIdentityName>IdeaNotion.YourPinkFriend</MainPackageIdentityName>
    <MainPackageIdentityName>IdeaNotion.YOURTIMETRAVEL</MainPackageIdentityName>
  </AccountPackageIdentityNames>
  <PackageInfoList LandingUrl="https://appdev.microsoft.com:443/StorePortals/Developer/Catalog/ReleaseAnchor/42dc9a84-648f-4629-8535-da1082534b86" />
</StoreAssociation>